Word,POS Tag,Frequency
.,PUNCT,817
membantu,VERB,316
sangat,ADV,257
dokter,NOUN,152
dan,CONJ,152
Sangat,ADV,143
ini,DET,134
aplikasi,NOUN,111
sekali,ADV,109
Bagus,PROPN,108
saya,PRON,106
bagus,ADJ,94
nya,NOUN,83
di,ADP,68
bisa,ADV,67
yang,PRON,64
Sangat,PROPN,63
untuk,ADP,63
kesehatan,NOUN,63
kasih,NOUN,60
yg,ADV,55
dengan,ADP,54
Aplikasi,NOUN,54
cepat,ADJ,53
bermanfaat,VERB,52
.,PROPN,50
Good,PROPN,46
baik,ADJ,43
Saya,PRON,40
bermanfaat,ADJ,40
banget,NOUN,39
dokternya,NOUN,38
respon,NOUN,37
klik,NOUN,35
Ok,PROPN,35
suka,VERB,32
ramah,ADJ,29
ada,VERB,28
Mantap,PROPN,28
konsultasi,NOUN,27
buat,ADP,27
juga,ADV,25
kita,PRON,25
lagi,ADV,24
terima,VERB,23
tidak,X,23
ya,X,23
Dokter,PROPN,22
penyakit,NOUN,22
banyak,ADV,22
yg,NOUN,22
chat,VERB,21
bintang,NOUN,20
?,PUNCT,19
Keren,PROPN,19
ke,ADP,18
semua,DET,18
ramah,VERB,18
bagi,ADP,18
good,PROPN,18
terus,ADV,18
langsung,ADJ,17
lebih,ADV,17
tapi,CONJ,17
konsultasi,VERB,16
info,NOUN,16
orang,NOUN,16
chat,NOUN,16
aplikasinya,NOUN,16
terimakasih,ADV,15
tentang,ADP,15
atas,ADP,15
-,PUNCT,15
memuaskan,VERB,14
dalam,ADP,14
dari,ADP,14
cukup,ADV,14
aku,PRON,14
ok,NOUN,14
sama,ADJ,13
informasi,NOUN,13
selalu,ADV,13
aja,NOUN,13
jam,NOUN,12
apa,NOUN,12
dgn,NOUN,12
Terima,ADP,12
berkonsultasi,VERB,12
jelas,ADJ,12
mengetahui,VERB,11
keluhan,NOUN,11
Suka,PROPN,11
apk,PROPN,11
!,PUNCT,11
&,PROPN,11
5,NUM,11
sehat,ADJ,10
bayar,NOUN,10
saran,NOUN,10
sudah,ADV,10
Bermanfaat,VERB,10
download,NOUN,10
sakit,ADJ,10
mau,ADV,9
Respon,NOUN,9
sukses,ADJ,9
mudah,ADJ,9
dapat,ADV,9
tau,VERB,9
24,NUM,9
mengenai,ADP,9
berguna,VERB,9
live,NOUN,9
pengetahuan,NOUN,9
harus,ADV,9
Baik,ADV,9
pertanyaan,NOUN,9
karena,CONJ,9
semoga,ADV,9
membatu,VERB,9
konsul,NOUN,9
rumah,NOUN,9
masyarakat,NOUN,9
dokternya,PROPN,8
menjadi,VERB,8
pelayanan,NOUN,8
dok,NOUN,8
deh,NOUN,8
biasa,ADJ,8
:,PUNCT,8
Semoga,ADV,8
adanya,NOUN,8
saja,ADV,8
dulu,NOUN,8
puas,ADJ,8
jadi,VERB,8
lain,ADJ,8
ilmu,NOUN,8
jika,CONJ,8
masalah,NOUN,8
lama,ADJ,8
tanya,NOUN,8
memberikan,VERB,8
terbaik,ADJ,7
Semoga,PROPN,7
anda,PRON,7
malam,NOUN,7
banget,PROPN,7
ttg,NOUN,7
),PUNCT,7
gak,NOUN,7
klikdokter,NOUN,7
bgt,PROPN,7
itu,DET,7
pada,ADP,7
gak,PROPN,7
Terimakasih,NOUN,7
udah,VERB,7
mantap,PROPN,7
manfaat,NOUN,7
Nice,PROPN,7
Alhamdulillah,PROPN,6
Bisa,ADV,6
Aplikasinya,NOUN,6
app,NOUN,6
aplikasi,PROPN,6
suka,PROPN,6
baik,CONJ,6
gratis,ADJ,6
kenapa,ADV,6
memberi,VERB,6
Membantu,NOUN,6
Terimakasih,ADV,6
atau,CONJ,6
ingin,ADV,6
cara,NOUN,6
Dokter,NOUN,6
waktu,NOUN,6
jawaban,NOUN,6
bertanya,VERB,6
luar,ADJ,6
bgt,NOUN,6
obat,NOUN,6
solusi,NOUN,5
sy,NOUN,5
Konsultasi,NOUN,5
Membantu,VERB,5
Terima,PROPN,5
Makasih,NOUN,5
sgt,PROPN,5
Apk,PROPN,5
online,ADJ,5
Top,PROPN,5
dr,NOUN,5
kok,X,5
keren,NOUN,5
kalau,CONJ,5
yg,PRON,5
masih,ADV,5
mau,VERB,5
hanya,ADV,5
gak,X,5
fast,NOUN,5
mendapatkan,VERB,5
menjawab,VERB,5
sakit,VERB,5
dgn,ADP,5
nih,NOUN,5
para,DET,5
best,NOUN,5
balas,NOUN,5
pun,X,5
punya,VERB,5
responnya,NOUN,5
akan,ADV,5
saat,NOUN,5
tanya,VERB,5
pernah,ADV,5
Fast,PROPN,5
Dokternya,PROPN,5
terbantu,VERB,5
Cukup,ADV,5
Puas,NOUN,4
mmbantu,NUM,4
lewat,ADP,4
mohon,ADV,4
dijawab,VERB,4
setiap,DET,4
/,PUNCT,4
Klik,PROPN,4
pokoknya,NOUN,4
adanya,VERB,4
Dengan,ADP,4
berguna,ADJ,4
Makasih,PROPN,4
Untuk,ADP,4
Aku,PRON,4
langsung,ADV,4
secara,ADP,4
penjelasan,NOUN,4
malah,ADV,4
100,NUM,4
jauh,ADJ,4
Oke,PROPN,4
suka,ADJ,4
jadi,ADV,4
Layanan,NOUN,4
makasih,PROPN,4
lngsung,NOUN,4
baik,ADP,4
Cepat,NOUN,4
besar,ADJ,4
Banyak,ADV,4
trima,NOUN,4
Konsultasi,PROPN,4
menjaga,VERB,4
lima,NUM,4
sy,PROPN,4
sya,PROPN,4
menambah,VERB,4
Ramah,PROPN,4
karna,ADV,4
telah,ADV,4
keren,PROPN,4
trus,NOUN,4
Ini,DET,4
anak,NOUN,4
bnget,NUM,4
baru,ADJ,4
coba,NOUN,4
gitu,NOUN,4
wawasan,NOUN,4
pertama,NUM,4
Sip,PROPN,4
Trims,PROPN,4
oke,PROPN,4
top,NOUN,4
butuh,VERB,4
utk,NOUN,4
senang,ADJ,4
ramah2,NUM,4
manfaatnya,NOUN,4
sngat,PROPN,4
rasakan,VERB,4
keluar,VERB,4
kehamilan,NOUN,4
Jangan,X,4
kurang,ADV,4
agar,CONJ,4
seperti,ADP,4
tanpa,ADP,4
terjawab,VERB,3
gratis,VERB,3
gk,NOUN,3
memudahkan,VERB,3
the,PROPN,3
dulu,ADV,3
2,NUM,3
sm,PROPN,3
tolong,NOUN,3
Thanks,NOUN,3
fitur,NOUN,3
soal,NOUN,3
ga,PROPN,3
Chat,PROPN,3
resep,NOUN,3
dong,VERB,3
pas,ADV,3
bicara,VERB,3
darurat,ADJ,3
bikin,NOUN,3
senang,VERB,3
dapet,NOUN,3
pasien,NOUN,3
Smoga,PROPN,3
Dapat,ADV,3
sekarang,ADV,3
semoga,CONJ,3
4,NUM,3
oleh,ADP,3
semakin,ADV,3
selama,ADP,3
biaya,NOUN,3
seputar,ADP,3
menggunakan,VERB,3
disini,NOUN,3
sip,PROPN,3
pengalaman,NOUN,3
dokter2,NOUN,3
Pelayanan,NOUN,3
menit,NOUN,3
Di,ADP,3
minta,VERB,3
sering,ADV,3
diri,NOUN,3
melayani,VERB,3
nanya,NOUN,3
sebelum,ADP,3
bgus,PROPN,3
ngasih,VERB,3
Mempermudah,VERB,3
Bintang,NOUN,3
gw,NOUN,3
layanan,NOUN,3
Baguss,PROPN,3
Kalau,CONJ,3
kalo,NOUN,3
Dr,PROPN,3
Karena,CONJ,3
Kecewa,PROPN,3
lengkap,ADJ,3
Hanya,ADV,3
udah,ADV,3
job,PROPN,3
Klik,ADV,3
asli,ADJ,3
jd,NOUN,3
puas,VERB,3
tuk,NOUN,3
utk,ADP,3
pribadi,ADJ,3
ketika,CONJ,3
tepat,ADJ,3
you,PROPN,3
amat,ADV,3
klikdokter,NUM,3
alami,VERB,3
akurat,ADJ,3
Informasi,NOUN,3
',PUNCT,3
kesehatannya,NOUN,3
komunikasi,NOUN,3
amin,PROPN,3
Jadi,CONJ,3
ramah2,PROPN,3
ahlinya,NOUN,3
awal,ADJ,3
artikel,NOUN,3
buat,VERB,3
makasih,NOUN,3
Very,PROPN,3
update,NOUN,3
10,NUM,3
Berguna,VERB,3
Bgus,PROPN,3
spesialis,NOUN,3
tp,NOUN,3
pokok,NOUN,3
saldo,NOUN,3
sakit,NOUN,3
Great,PROPN,3
perlu,VERB,3
Trimakasih,PROPN,3
pasti,ADJ,2
bener,NOUN,2
ap,NOUN,2
antri,NOUN,2
berada,VERB,2
bilang,VERB,2
rekomendasi,NOUN,2
bila,CONJ,2
bingung,VERB,2
benar,ADJ,2
pas,ADJ,2
pergi,VERB,2
bapak,NOUN,2
berbagi,VERB,2
pandemi,NOUN,2
repot,NOUN,2
boro2,NUM,2
Dan,ADP,2
pake,VERB,2
pake,NOUN,2
padahal,CONJ,2
bebas,ADJ,2
repot2,VERB,2
belajar,VERB,2
amal,NOUN,2
rasa,NOUN,2
bermamfaat,NUM,2
apalagi,ADV,2
pertolongan,NOUN,2
bagis,PROPN,2
proses,NOUN,2
baca,VERB,2
puas,ADV,2
pendapat,NOUN,2
berobat,NOUN,2
positif,ADJ,2
pula,ADV,2
pencegahan,NOUN,2
wajib,NOUN,2
betmanfaat,NUM,2
artikelnya,NOUN,2
bgd,NUM,2
artikel2,NOUN,2
perlu,ADV,2
berkembang,VERB,2
Dokternya,NOUN,2
pelayanannya,NOUN,2
beri,VERB,2
pelajari,VERB,2
apps,NOUN,2
biar,NOUN,2
rama,NOUN,2
pnyakit,NOUN,2
thanks,NOUN,2
penyebab2,NOUN,2
perbaiki,NOUN,2
penting,ADJ,2
terasa,VERB,2
bukan,X,2
jg,NOUN,2
like,PROPN,2
jawab,NOUN,2
jaringan,NOUN,2
1,NUM,2
jadwal,NOUN,2
tpi,PROPN,2
it,PROPN,2
m,NOUN,2
macam,NOUN,2
mah,NOUN,2
install,VERB,2
maju,VERB,2
informasinya,NOUN,2
indonesia,PROPN,2
indonesia,NOUN,2
Belum,ADV,2
tp,PROPN,2
mana,CONJ,2
manapun,NOUN,2
mantap,VERB,2
mantul,PROPN,2
masa,NOUN,2
hehe,NOUN,2
hebat,ADJ,2
Biar,PROPN,2
jg,ADV,2
trimakasih,NOUN,2
top,PROPN,2
lgi,NUM,2
klikDokter,NOUN,2
kista,NOUN,2
klikDokter,NUM,2
klikdokter,PROPN,2
klikdokter,VERB,2
klu,NOUN,2
kesalahan,NOUN,2
kondisi,NOUN,2
&,NOUN,2
konsultasi,PROPN,2
konsumen,NOUN,2
keluarga,NOUN,2
ku,NOUN,2
laen,NOUN,2
lah,ADJ,2
lah,NOUN,2
lah,X,2
kaum,NOUN,2
(,PUNCT,2
kasi,VERB,2
Bagusss,PROPN,2
kan,X,2
kalian,PRON,2
kali,NOUN,2
trimakasih,PROPN,2
hari,NOUN,2
medis,ADJ,2
octavia,PROPN,2
disaat,NOUN,2
mulai,VERB,2
ndak,NOUN,2
ne,NOUN,2
tingkatkan,VERB,2
dg,ADP,2
ngebantu,NOUN,2
ngebantu,NUM,2
ngebug,NOUN,2
ngga,NOUN,2
ni,PROPN,2
y,NOUN,2
nice,NOUN,2
3,NUM,2
dah,PROPN,2
d,NOUN,2
d,ADP,2
nomor,NOUN,2
cpt,NUM,2
ny,NOUN,2
chatnya,NUM,2
chatnya,NOUN,2
chat,PROPN,2
was,PROPN,2
tindakan,NOUN,2
obatnya,NOUN,2
digunakan,VERB,2
usah,NOUN,2
hal,NOUN,2
menolong,VERB,2
melakukan,VERB,2
memakai,VERB,2
yah,VERB,2
gampang,NOUN,2
gak,VERB,2
membutuhkan,VERB,2
gabisa,NOUN,2
ga,X,2
g,PROPN,2
full,NOUN,2
foto,NOUN,2
mempermudah,VERB,2
menarik,VERB,2
dwonload,NOUN,2
dunia,NOUN,2
Cara,ADP,2
dr,DET,2
mengatasi,VERB,2
download,VERB,2
mengerti,VERB,2
Chatnya,PROPN,2
dokter.semoga,NOUN,2
mengobati,VERB,2
Coba,PROPN,2
dok,PROPN,2
menyerang,VERB,2
BAGUS,ADJ,2
Susah,PROPN,2
Trima,NOUN,2
terimakasih,NOUN,2
sayang,NOUN,2
Sehat,NOUN,2
Memberikan,VERB,2
Klikdokter,PROPN,2
Memuaskan,VERB,2
Klikdokter,NUM,2
Aneh,PROPN,2
The,PROPN,2
App,PROPN,2
Menarik,NOUN,2
so,PROPN,2
tahu,VERB,2
santunan,NOUN,2
ulasan,NOUN,2
Harus,ADV,2
Kasih,NOUN,2
Mudah,NOUN,2
smoga,NOUN,2
SEKALI,ADV,2
tanggap,VERB,2
Responnya,NOUN,2
Udah,NOUN,2
serius,ADJ,2
RS,PROPN,2
skrg,NOUN,2
Fitur,NOUN,2
terpercaya,ADJ,2
sesi,NOUN,2
sesuai,ADP,2
susah,ADJ,2
GOKIL,NUM,2
Terima,ADV,2
Gak,X,2
sekarang,NOUN,2
Mantab,PROPN,2
selain,ADP,2
Mantaf,PROPN,2
Gratis,ADJ,2
Apalagi,ADV,2
Maju,NOUN,2
sehari,NOUN,2
udah,PROPN,2
MENDING,VERB,2
segera,ADV,2
selesai,VERB,2
segala,DET,2
suatu,DET,2
Sya,PROPN,2
seluruh,DET,2
Mantul,PROPN,2
terdekat,ADJ,2
Luar,NOUN,2
Senang,PROPN,2
Semua,DET,2
sebagai,ADP,2
Mau,X,2
Like,PROPN,2
Gak,PROPN,2
Lebih,ADV,2
terbaru,ADJ,2
Terbaik,PROPN,2
Semoga,CONJ,2
Jd,PROPN,2
Mantaap,PROPN,2
Ya,X,2
saat,ADP,2
robot,NOUN,2
Ingin,ADV,2
skali,NOUN,2
responsif,ADJ,2
ringan,ADJ,2
tdk,NOUN,2
adalah,VERB,2
aj,PROPN,2
Pas,PROPN,2
skali,PROPN,2
Indonesia,PROPN,2
OK,PROPN,2
respont,NUM,2
INI,PROPN,2
Is,PROPN,2
I,PROPN,2
skli,PROPN,2
terima,NOUN,2
Jawaban,NOUN,2
Jam,NOUN,2
Hebat,PROPN,2
markotop,NUM,1
yaa,NOUN,1
menghemat,VERB,1
mantapkeren,PROPN,1
mb,PROPN,1
sini,NOUN,1
maupun,CONJ,1
menghilang,VERB,1
special,NOUN,1
mantapp,ADJ,1
mebantu,VERB,1
sipp,NUM,1
sore,NOUN,1
menghitung,VERB,1
terdekatpun,NOUN,1
medis,NOUN,1
terhenti,VERB,1
melanggar,VERB,1
somoga,NOUN,1
sombong,NOUN,1
melulu,VERB,1
yaaa,NUM,1
menuaskan,NUM,1
sihh,VERB,1
mau,CONJ,1
menghubungkan,VERB,1
sprti,VERB,1
spesialisnya,NUM,1
menjawabnya,VERB,1
manusia,NOUN,1
tipe,NOUN,1
toppp,PROPN,1
sihhh,NUM,1
masayrakat,NOUN,1
tips,NOUN,1
siiip,NUM,1
menjelaskan,VERB,1
spesialis,VERB,1
siip,VERB,1
siklus,NOUN,1
masuk,VERB,1
tipu,NOUN,1
manttap,PROPN,1
simpel,NOUN,1
sippp,NUM,1
mau,ADJ,1
topik,NOUN,1
mengirim,VERB,1
spesalis,NOUN,1
sperti,NOUN,1
mantappp,PROPN,1
mengikutin,VERB,1
sing,NOUN,1
membaca2,VERB,1
mengetahu,NOUN,1
memaksimalkan,VERB,1
mantap,NOUN,1
smua,NOUN,1
meminta,VERB,1
menerangkan,VERB,1
menemukan,VERB,1
mendukung,VERB,1
smga,VERB,1
memperbaharui,VERB,1
smg,PROPN,1
memperjelas,VERB,1
memperluas,VERB,1
tlp,PROPN,1
sma,NOUN,1
mempunyai,VERB,1
memuaskan,NOUN,1
slalu,VERB,1
mendapat,VERB,1
mencoba,VERB,1
skli,NUM,1
slalu,ADJ,1
menangani,VERB,1
menangapi,NOUN,1
menanggapi,VERB,1
tlah,PROPN,1
menanyakan,VERB,1
skr,PROPN,1
menbantu,VERB,1
menciptakan,VERB,1
mencari,VERB,1
snagat,PROPN,1
sndiri,PROPN,1
membuka,VERB,1
membantu.terimakasih,NUM,1
memang,ADV,1
memasang,VERB,1
mencega,NOUN,1
sistem,NOUN,1
sj,PROPN,1
tisp,PROPN,1
tolong,VERB,1
mengecewakn,VERB,1
membalas,VERB,1
membanntu,VERB,1
yah,X,1
mengecewakan,NOUN,1
membantu.terimakasih,ADJ,1
soalnya,NOUN,1
tngl,PROPN,1
mengatasinya,NOUN,1
membantuuuu,NUM,1
skali,NUM,1
to,PROPN,1
tntng,PROPN,1
membntu,ADJ,1
sngt,NOUN,1
mengambil,VERB,1
membntu,PROPN,1
tntng,NUM,1
uang,NOUN,1
sngat,NOUN,1
tngl,VERB,1
smua,VERB,1
turun,VERB,1
mantap,ADJ,1
kuliah,NOUN,1
lahir,VERB,1
tarif,NOUN,1
tau,ADJ,1
tau,NOUN,1
yg,PROPN,1
kyk,PROPN,1
kyak,PROPN,1
kualitas,NOUN,1
trimaksih,NUM,1
ku,PROPN,1
ksih,PROPN,1
ksi,NOUN,1
kshatan,PROPN,1
ksh,PROPN,1
krna,PROPN,1
kpn,NUM,1
uda,NOUN,1
lainnya,ADJ,1
tdinya,VERB,1
lancar,NOUN,1
lanjut,ADJ,1
lanjtkan,PROPN,1
tambahan,NOUN,1
lanjtkan,NUM,1
tanggap,NOUN,1
lancar,VERB,1
tanggapan,NOUN,1
tanggapannya,NOUN,1
teratur,ADJ,1
tanggapannya,PROPN,1
tanggapi,NOUN,1
lancar,ADJ,1
lamaa,PROPN,1
tank,NOUN,1
lalu,CONJ,1
lakukan,VERB,1
koutanya,NOUN,1
tdk,ADV,1
mantaaapp.dokternya,NUM,1
klu,NUM,1
ko,PROPN,1
knowlege,NUM,1
knowledge,NOUN,1
kn,PROPN,1
kmi,PROPN,1
kluarga,NOUN,1
kluar,NUM,1
tempat,NOUN,1
yg,X,1
klinik,NOUN,1
tengah,ADJ,1
tenggorokan.apakah,NUM,1
ttng,NOUN,1
ucapkan,VERB,1
tentu,ADV,1
klik,VERB,1
teman2,NOUN,1
trutma,VERB,1
kos,NOUN,1
telat,NOUN,1
kontrol,NOUN,1
yg,VERB,1
konsultasinya.ga,PROPN,1
konsultasinya,NUM,1
trims,NOUN,1
trimskasih,PROPN,1
tekanan,NOUN,1
konsul,VERB,1
kolom,NOUN,1
trlanjur,NOUN,1
konsul,PROPN,1
telaten,NUM,1
komunikatif,NOUN,1
telinga,NOUN,1
teliti,ADJ,1
komsultasi,VERB,1
lanjuti,NOUN,1
tambah,VERB,1
tambah,NOUN,1
luar,NOUN,1
yaitu,ADV,1
suka,ADV,1
terbatas,VERB,1
suka.dokternya,VERB,1
sukak,PROPN,1
lumayan,ADV,1
luas,NOUN,1
tpi,NUM,1
tpat,VERB,1
sukanya,NOUN,1
lu,PROPN,1
transaksi,NOUN,1
lsg,NOUN,1
login,VERB,1
lobus,NOUN,1
lngsung,VERB,1
subur,ADJ,1
makasihhhh,PROPN,1
lanjutkan,VERB,1
mana,ADP,1
mantaaaap,NOUN,1
sputar,NOUN,1
sran,PROPN,1
mancari,NOUN,1
ssngat,PROPN,1
mana,NOUN,1
standby,NOUN,1
mama,NOUN,1
menyampaikan,VERB,1
stiap,NOUN,1
malahan,VERB,1
malah,NOUN,1
stlah,NOUN,1
store,NOUN,1
makin,ADV,1
stroke,NOUN,1
sukses,NOUN,1
sulit,ADJ,1
lmbat,NUM,1
takut,ADJ,1
lg,PROPN,1
lg,NOUN,1
taek,PROPN,1
lesi,NOUN,1
trimakasih,NUM,1
lerlu,NOUN,1
lengkap,NOUN,1
leluhan,NOUN,1
livechat,PROPN,1
leluasa,NOUN,1
lelah,ADJ,1
takut,VERB,1
lbih,NUM,1
layar,NOUN,1
tamah,NOUN,1
tambah,ADV,1
taek,NOUN,1
lgsg,NOUN,1
syukak,NOUN,1
lgsg,PROPN,1
sumpah,NOUN,1
livechat,NUM,1
supaya,CONJ,1
suskses,PROPN,1
livechat,NOUN,1
susta,PROPN,1
live,ADJ,1
terbantukan,NUM,1
sx,PROPN,1
yeah,PROPN,1
life,NOUN,1
syekaliiii,PROPN,1
liat,ADJ,1
lgsng,PROPN,1
lgsng,NOUN,1
menuju,ADP,1
mmbantu,VERB,1
menyehatkan,VERB,1
pingin,VERB,1
perkembangkan,NUM,1
periksa,VERB,1
perihal,NOUN,1
ternilai,VERB,1
performa,NOUN,1
terkait,VERB,1
perfec,PROPN,1
sarangnya,NOUN,1
percakapannya,NOUN,1
sarann,VERB,1
perbincangan,NOUN,1
perbanyak,PROPN,1
sarannya,NOUN,1
satu,DET,1
vouchernya,NOUN,1
pentingnya,NOUN,1
penjelsan,NOUN,1
santri,NOUN,1
santai,NOUN,1
permasalah,NOUN,1
voucher,NOUN,1
pilih,VERB,1
pikir,VERB,1
pesan,NOUN,1
very,PROPN,1
sampai,ADP,1
pertolonganmu,NUM,1
sangaaaaat,PROPN,1
pertanyan,NOUN,1
sangt,PROPN,1
thanks,PROPN,1
sangaat,PROPN,1
sangant,VERB,1
update,ADJ,1
persendian,NOUN,1
thci,PROPN,1
tuh,NOUN,1
the,DET,1
saya.mudah2an,NOUN,1
sayah,NUM,1
ter,PROPN,1
se,NOUN,1
pembaca,NOUN,1
tiap,DET,1
pelit,PROPN,1
sebab,CONJ,1
pelit,NOUN,1
sebarkan,NOUN,1
sebelah,ADP,1
penanganan,NOUN,1
sebelah,NOUN,1
tiba2,PROPN,1
peduli,VERB,1
pdahal,NOUN,1
payudara,ADJ,1
sebelum2,NUM,1
payah,PROPN,1
pembayaran,NOUN,1
sdh,NOUN,1
penipuan,NOUN,1
pengembalian,NOUN,1
pengobatanya,NOUN,1
pengobatan,NOUN,1
pengiriman,NOUN,1
pengguna,NOUN,1
pengetahuan.jangan,NOUN,1
sblum,PROPN,1
terkadang,ADV,1
scara,VERB,1
pencerah,PROPN,1
pengaruh,NOUN,1
this,PROPN,1
thqnks,PROPN,1
pengakit,NOUN,1
pendek,ADJ,1
untung,NOUN,1
pencet,NUM,1
pindah,VERB,1
pintar,ADJ,1
menyembuh,NOUN,1
pisan,PROPN,1
ramah.dan,NUM,1
terus,VERB,1
ribet,VERB,1
rama,PROPN,1
risiko,NOUN,1
rakyat,NOUN,1
rahmawatiii,NUM,1
rahasia,NOUN,1
radang,PROPN,1
rmh,NUM,1
qo,NOUN,1
q,NOUN,1
utk,VERB,1
punyaa,NOUN,1
terutama,ADV,1
tetap,ADV,1
pungut,NOUN,1
rezeki,NOUN,1
urat,ADJ,1
respooon,PROPN,1
rendah,ADJ,1
responsif,NOUN,1
responsif,VERB,1
responsive,NUM,1
responsnya,NUM,1
rep,PROPN,1
usah,ADV,1
renspon,NOUN,1
terus,PROPN,1
responya,PROPN,1
responya,NOUN,1
recomend,PROPN,1
real,PROPN,1
responya,NUM,1
raya,ADJ,1
tertolong,VERB,1
usia,NOUN,1
pundak.kaku,NOUN,1
rs,PROPN,1
pundah.mengelilingi,NUM,1
salah,ADJ,1
praktis,ADJ,1
praktek,NOUN,1
prabayar,PROPN,1
prabayar,NOUN,1
porno,PROPN,1
very,NOUN,1
pokonya,NUM,1
pokoknya,PROPN,1
praktis,PROPN,1
salah,DET,1
samgat,VERB,1
pnyebabnya,NUM,1
pnyakiy,NOUN,1
tuntas,NOUN,1
pnjelasan,NOUN,1
play,NOUN,1
praktis,NOUN,1
versi,NOUN,1
thank,NOUN,1
rwspon,PROPN,1
terselesaikan,VERB,1
upgrade,NOUN,1
pun,ADV,1
pulsa,NOUN,1
tersebut,DET,1
pulih,VERB,1
veripikasi,NUM,1
terputus,VERB,1
sahabat,NOUN,1
sabar,NOUN,1
sabgat,PROPN,1
sadar,VERB,1
klik,PROPN,1
sagat,NOUN,1
profesional,ADJ,1
verivikasi,NUM,1
payah,NOUN,1
sebesar,ADP,1
paten,PROPN,1
pasti,PROPN,1
ngasih,NOUN,1
nemu,VERB,1
seriusan,NUM,1
ne,VERB,1
sesama,NOUN,1
y,VERB,1
ya,VERB,1
ne,PROPN,1
ndak,ADP,1
nawaitu,NOUN,1
navigasi,NOUN,1
setelah,ADP,1
namun,CONJ,1
nambah2,NOUN,1
nambah,VERB,1
nambah,NOUN,1
namanya,NOUN,1
terimakasi,NUM,1
y,PROPN,1
ngerti,VERB,1
senang,PROPN,1
tinggi,ADJ,1
udh,NUM,1
senang,ADV,1
nie,NOUN,1
wong,NOUN,1
nice,PROPN,1
tingkat,NOUN,1
sendiri,ADJ,1
sensasinya,NUM,1
sendri,NUM,1
ngising,NUM,1
senior,ADJ,1
ngimong,PROPN,1
nggak,NOUN,1
senja,NOUN,1
ngga,X,1
n,PROPN,1
n,ADV,1
mungkin,ADV,1
mesti,ADP,1
mksh,NUM,1
mitos,NOUN,1
si,VERB,1
siaga,NOUN,1
siap,VERB,1
sigap,NOUN,1
minggu2,NOUN,1
mesan,VERB,1
shobat,NUM,1
meringankan,VERB,1
meringan,NOUN,1
merespon,VERB,1
merasakan,VERB,1
menyukainya,PROPN,1
sih,NOUN,1
menyenangkan,VERB,1
mksih,PROPN,1
mmbantu,PROPN,1
mulia,ADJ,1
mnyampaikn,NOUN,1
seterusnya,NOUN,1
setuju,VERB,1
tip,NOUN,1
terimahkasih,PROPN,1
much,NOUN,1
msih,NOUN,1
sgtu,NUM,1
mntap,PROPN,1
mmbntu,ADJ,1
mnjaga,NOUN,1
mngetahui,VERB,1
mngetahui,NOUN,1
mndot,PROPN,1
mmmmantapppppp,PROPN,1
mmbntu,VERB,1
mmbntu,PROPN,1
nmbah,NOUN,1
umum,ADJ,1
nnti,PROPN,1
paham,VERB,1
panik,NOUN,1
sekaligus,ADV,1
paling,ADV,1
paket,NOUN,1
sekeliling,NOUN,1
pakai,VERB,1
pak,NOUN,1
pagi,NOUN,1
panjang,ADJ,1
padahal,ADV,1
selamat,ADJ,1
otot,NOUN,1
orng,NOUN,1
org,NOUN,1
tidak.bisa,NOUN,1
orang2,NOUN,1
panik,VERB,1
pantangan,NOUN,1
tidak2,NOUN,1
pasien2,PROPN,1
pasti,ADV,1
sehaaat,PROPN,1
untung,ADV,1
sehari,ADV,1
walaupun,CONJ,1
want,PROPN,1
pasilitas,NOUN,1
terjadwal,VERB,1
pantas,ADJ,1
untum,NOUN,1
sekali.ada,PROPN,1
parietal,NOUN,1
sekali.hati2,NUM,1
parah,ADJ,1
tukang,NOUN,1
panyakit,NUM,1
waooo,PROPN,1
ongkos,NOUN,1
nnti,VERB,1
twice,PROPN,1
nyampah,VERB,1
nyaman,ADJ,1
sempurna,NOUN,1
nya.sangat,NUM,1
nya,PROPN,1
welcome,VERB,1
nya,ADV,1
nusnsa,NOUN,1
sempurna,ADJ,1
nunggu,NOUN,1
semuanya,ADV,1
ntuk,NOUN,1
novita,PROPN,1
semus,NUM,1
wkwk,NUM,1
no,PROPN,1
nyesal.karna,NOUN,1
semoga,NOUN,1
on,VERB,1
offline,NOUN,1
on,NOUN,1
omong,PROPN,1
okk,PROPN,1
okey,PROPN,1
okee,PROPN,1
oke,NOUN,1
ok,PROPN,1
sembuh,VERB,1
nyesel,NOUN,1
tidur,VERB,1
obatan,NOUN,1
obat2tan,NUM,1
waras,NOUN,1
obat,VERB,1
seminggu,NOUN,1
semnjeka,PROPN,1
tiba2,NOUN,1
hpku,PROPN,1
klg,NUM,1
Recomended,PROPN,1
Sayangnya,ADV,1
Sanggat,PROPN,1
Sanagat,NOUN,1
Sampe,ADV,1
SalamSehat,NUM,1
Sakit,PROPN,1
Sagat,PROPN,1
SANGAT,PROPN,1
SANGAT,NOUN,1
Reza,PROPN,1
Response,PROPN,1
Rakyat,PROPN,1
Sebaik,NOUN,1
RUGI,NOUN,1
RAISYATUL,PROPN,1
QUALITY,PROPN,1
Q,PROPN,1
Putri,PROPN,1
Puass,PROPN,1
Pokonya,PROPN,1
Pesenya,PROPN,1
Pertanyaannya,NUM,1
Pertanyaan,PROPN,1
Pertanyaan,NOUN,1
Sebagian,DET,1
Sebelum,CONJ,1
Pertahankan,NOUN,1
Siiiip,PROPN,1
Sukaaaa,PROPN,1
Suka,NOUN,1
Suatu,DET,1
Spesialis,NOUN,1
Sopan,PROPN,1
Sokter,NUM,1
Soal,NOUN,1
Smoga,NUM,1
Smg,PROPN,1
Situs,NOUN,1
Siiplaah,PROPN,1
Siiiiiip,PROPN,1
Sebener,NOUN,1
Shaker,NOUN,1
Sgt,PROPN,1
Setelah,ADP,1
Senengnya,PROPN,1
Seneng,PROPN,1
Selalu,ADV,1
Selain,ADP,1
Sejauh,NOUN,1
Sehingga,CONJ,1
Sehat,PROPN,1
Segala,NOUN,1
Pertahankan,VERB,1
Perfect,PROPN,1
Super,PROPN,1
Memudahkan,VERB,1
Mudah2n,PROPN,1
Muda2han,PROPN,1
Muda,PROPN,1
Mntap,PROPN,1
Mksih,PROPN,1
Minta,ADV,1
Mi,PROPN,1
Menyesal,NOUN,1
Menyenangkan,PROPN,1
Menurut,ADP,1
Menambah,PROPN,1
Memberikan,NOUN,1
Mungkin,ADV,1
Membatu,VERB,1
Melanggar,VERB,1
Max,PROPN,1
Maturnuwun,NUM,1
Mantulll,PROPN,1
Mantul,NUM,1
Mantap,VERB,1
Mantap,NOUN,1
Mantap,ADJ,1
Manis,PROPN,1
Mana,PROPN,1
Mumtaz,PROPN,1
NOW,PROPN,1
Perbarui,NUM,1
Ooh,PROPN,1
Penjelasan,NOUN,1
Pengin,PROPN,1
Pengguna,NOUN,1
Pengalaman,NOUN,1
Pelayanannya,PROPN,1
Pelayanannya,NOUN,1
Pelayanan,PROPN,1
Pastinya,NOUN,1
Pasti,PROPN,1
Parah,PROPN,1
PENTING,ADJ,1
Okok,PROPN,1
Nadia,PROPN,1
Okelah,PROPN,1
Okeh,PROPN,1
Okee,PROPN,1
Okay,PROPN,1
OKE,PROPN,1
Nyesel,PROPN,1
Nyesel,NUM,1
Ngak,PROPN,1
Next,PROPN,1
Namun,CONJ,1
Nambah,VERB,1
Sukses,NOUN,1
Syukaaaa,PROPN,1
Makasiiiiii,NUM,1
ambilin,PROPN,1
apakah,ADV,1
apaka,NOUN,1
apah,PROPN,1
apaan,PROPN,1
antri,VERB,1
anjing,NOUN,1
anggraini,PROPN,1
android,NOUN,1
an.pesan,PROPN,1
ampun,NOUN,1
ami,PROPN,1
ambil.dasar,NUM,1
apakah,PROPN,1
alo,NOUN,1
alhamdulilllaaaah,PROPN,1
alhamdulillahh,PROPN,1
alhamdulillah,PROPN,1
alhamdulillah,NOUN,1
alhamdulilaah,NOUN,1
aldokar,NUM,1
alami,ADJ,1
aktual,ADJ,1
aktif,ADJ,1
akhirin,PROPN,1
apakah,NOUN,1
aph,VERB,1
aja,PROPN,1
aq,NOUN,1
bagus.terima,VERB,1
bagt,VERB,1
baget,NOUN,1
bagaimana,ADV,1
badan,NOUN,1
ayo,PROPN,1
atow,NOUN,1
atm,NOUN,1
aslinya,ADJ,1
asam,NOUN,1
artikelnya,PROPN,1
apps,PROPN,1
apkikasi,NOUN,1
appnya,NUM,1
application,NOUN,1
app,PROPN,1
aplikasinyaa,NOUN,1
aplikasiny,PROPN,1
aplikasih,NOUN,1
aplikAsi,NOUN,1
aplication,PROPN,1
apl,PROPN,1
apl,NUM,1
apl,NOUN,1
ajak,VERB,1
aja,ADP,1
Syukron,PROPN,1
Terinspirasi,NOUN,1
Trimkasih,NUM,1
Trimakasiii,PROPN,1
Trimakasih,NOUN,1
Tpi,PROPN,1
Tolong,ADV,1
Tlong,PROPN,1
Tingkatkn,NUM,1
Tingkatkan,VERB,1
This,PROPN,1
Testing,PROPN,1
Tersegala,PROPN,1
Terimaksih,NUM,1
Trus,PROPN,1
Terimakasih,PROPN,1
Terimah,NOUN,1
Terbantukan,PROPN,1
TRIMAKASIH,PROPN,1
TOP,PROPN,1
TOP,NOUN,1
THE,PROPN,1
TERIMAKASIH,ADV,1
TERIMA,VERB,1
TAU,VERB,1
TARO,PROPN,1
Trmakasih,PROPN,1
U,PROPN,1
ahli,NOUN,1
Yeah,PROPN,1
agar,ADP,1
aga,PROPN,1
aemuanya,NOUN,1
aditya,PROPN,1
adduh,NUM,1
ad,NOUN,1
a,NOUN,1
^,PUNCT,1
^,NOUN,1
Yg,NOUN,1
Yes,PROPN,1
Yang,PRON,1
UI,PROPN,1
Yah,NOUN,1
Xiaomi,NOUN,1
Wira,PROPN,1
Wasim,PROPN,1
Walaupun,CONJ,1
Waktu,NOUN,1
WIJAYA,PROPN,1
WAHIDA,NUM,1
Ulasan,NOUN,1
Udah,PROPN,1
UX,NOUN,1
ManTul,PROPN,1
Makacih,PROPN,1
bagusnya,VERB,1
BINTANG,PROPN,1
Baru,ADJ,1
Banyak,DET,1
Banget,NOUN,1
Balas,PROPN,1
Baikkkkk,PROPN,1
Baguuus,PROPN,1
Bagus,NOUN,1
Bagi,ADP,1
Bagaimana,ADP,1
Baarakallahu,NUM,1
Baagus,PROPN,1
BEST,PROPN,1
Beberapa,DET,1
BANGET,NOUN,1
BALES,NUM,1
Asalaamualaikuum,PROPN,1
Artikel,NOUN,1
Ariesti,PROPN,1
Aq,PROPN,1
Applikasinya,PROPN,1
Applikasi,NOUN,1
Aplksi,PROPN,1
Aplk,NOUN,1
Aplikasinya,PROPN,1
Be,PROPN,1
Berguna,NOUN,1
Aplikasibagus,PROPN,1
Cancer,PROPN,1
DOKTER,NOUN,1
DOK,NOUN,1
DEH,NOUN,1
DARIPADA,ADP,1
D,PROPN,1
Cpt,NUM,1
Cool,PROPN,1
Com,PROPN,1
Cocok,NOUN,1
Click,PROPN,1
Cepat,PROPN,1
Cahat,NOUN,1
Bermampat,NUM,1
COVID,NUM,1
COBA,VERB,1
COBA,NOUN,1
CEPET,NUM,1
Bsgus,NOUN,1
Bru,PROPN,1
Bravoo,NUM,1
Blm,PROPN,1
Bisa,X,1
Biasa,NOUN,1
Bermanfaat,ADJ,1
Aplikasihnya,PROPN,1
Aplikasi,PROPN,1
Dan,CONJ,1
2.0.29,PROPN,1
34,NUM,1
33,NUM,1
30mb,NOUN,1
30,NUM,1
2x,NOUN,1
2jtnya.malah,VERB,1
2jt,NUM,1
2hari,NUM,1
2X,NOUN,1
26,NUM,1
2018,NUM,1
19,NUM,1
4subuh,NUM,1
15000Rp,PROPN,1
1.16.0,PROPN,1
05,NUM,1
01.11,NUM,1
01,NUM,1
00.10,NUM,1
0,NUM,1
&,VERB,1
&,PUNCT,1
&,CONJ,1
%,NOUN,1
36th.saya,NUM,1
9111,NUM,1
Aplika,PROPN,1
Alhdulilah,PROPN,1
Apl,VERB,1
Apiikk,PROPN,1
Apakah,ADV,1
Apa,NOUN,1
Ap,PROPN,1
Andaikan,NOUN,1
Amin,NUM,1
Amiin,NUM,1
Amelia,PROPN,1
Alx,NUM,1
Allaah,NOUN,1
Alhamdulillaah,PROPN,1
97,NUM,1
Alhamdulilah,PROPN,1
Akhirnya,NOUN,1
Agar,ADV,1
Adokternya,PROPN,1
Ada,VERB,1
ATM,PROPN,1
APLIKASI,NOUN,1
ALODOKTER,PROPN,1
ALO,PROPN,1
ALO,NUM,1
ALEXANDER,PROPN,1
DOWNLOAD,NOUN,1
Dari,ADP,1
Maaf,ADV,1
KLIKDOKTER,NOUN,1
Kerenn,PROPN,1
Keren,NOUN,1
Kenapa,ADV,1
Keluhan,NOUN,1
Kaya,PROPN,1
Kalow,PROPN,1
Kalo,PROPN,1
Kalo,NOUN,1
Kalian,NOUN,1
Kadang,ADV,1
KLIKDOKTER,NUM,1
KESEHATAN,PROPN,1
Klik.Dokter.aku.suka,PROPN,1
KASIH,PROPN,1
KALIAN,NOUN,1
Joz,PROPN,1
Josssss,PROPN,1
Josss,PROPN,1
Joss,PROPN,1
Jos,PROPN,1
Jelk,PROPN,1
Jdi,PROPN,1
Jazakumullahu,PROPN,1
Jalan,NOUN,1
Kita,PROPN,1
KlikDokter,NUM,1
JANGAN,X,1
Leonita,NUM,1
MPASI,NOUN,1
MEMBANTU,VERB,1
MASIH,ADV,1
MANTOL,PROPN,1
MANTEP,PROPN,1
M.Dejandra.rasnaya.jawabaanya,PROPN,1
Lumayan,NOUN,1
Lsg,NUM,1
Love,PROPN,1
Log,PROPN,1
Live,PROPN,1
Lanjutkan,NOUN,1
KlikDokter.sangat,NOUN,1
Lama,PROPN,1
Lah,PROPN,1
Ladang,NOUN,1
LIMA,PROPN,1
Kusuka,PROPN,1
Krn,ADV,1
Koyok,PROPN,1
Kok,X,1
Koh,PROPN,1
Ko,PROPN,1
Klo,PROPN,1
Jadilah,ADV,1
JAMAN,NOUN,1
Device,PROPN,1
Duh,PROPN,1
Ga,X,1
GK,PROPN,1
GANTENG,ADJ,1
GAK,PROPN,1
Fiturnya,VERB,1
Fiona,PROPN,1
FLAIR,NUM,1
Error,PROPN,1
Eror,PROPN,1
Enak,PROPN,1
Edukatif,PROPN,1
Dr.Rio,NOUN,1
Gima,NOUN,1
Dpt,PROPN,1
Download,PROPN,1
Dong,PROPN,1
Dokrr,PROPN,1
Dok.tangan,PROPN,1
Dok,PROPN,1
Ditunggu,VERB,1
Dipertahankan,VERB,1
Dicoba,VERB,1
Dibanyakkin,PROPN,1
Dgn,ADP,1
Gangerti,NUM,1
Gimana,ADV,1
Itu,DET,1
Hati2,PROPN,1
Its,PROPN,1
Inspirasi,NOUN,1
Informatif,PROPN,1
Informasinya,PROPN,1
Informasinya,NOUN,1
In,PROPN,1
IS,NOUN,1
INSTAL,NOUN,1
I,NUM,1
Hilang,PROPN,1
Helpful,PROPN,1
Harusnya,PROPN,1
Go,PROPN,1
Harapan,NOUN,1
Halo,PROPN,1
HAMBRIAN,PROPN,1
Gw,PROPN,1
Gw,NOUN,1
Gud,PROPN,1
Gratis,PROPN,1
Google,PROPN,1
Goodjob,PROPN,1
Goks,NUM,1
Goddd,PROPN,1
bagusds,PROPN,1
bah,PROPN,1
kl,NOUN,1
halo,PROPN,1
hehee,NUM,1
hebat,PROPN,1
heart,NOUN,1
healty,NUM,1
health,NOUN,1
hdup,NOUN,1
hbs,PROPN,1
harta,NOUN,1
harganya,NOUN,1
hapus,NOUN,1
hamil,NOUN,1
halaman,NOUN,1
herbal,NOUN,1
hal2,NOUN,1
haid,NOUN,1
hadiahnya,NOUN,1
gw,PROPN,1
gunakan,VERB,1
gugukan,NOUN,1
grtis,NUM,1
grtis,NOUN,1
great,PROPN,1
gratiss,NOUN,1
gratisnya,NOUN,1
hemat,VERB,1
hewan,NOUN,1
goodluck,PROPN,1
ide,NOUN,1
ingin,VERB,1
informatif,ADJ,1
infonya,PROPN,1
info2nya,NOUN,1
indonensia,NUM,1
indo,PROPN,1
indah,VERB,1
indah,ADJ,1
improve,NOUN,1
ilang,NOUN,1
ikut,VERB,1
ibu,NOUN,1
hidung,NOUN,1
ibadah,NOUN,1
hubungkan,VERB,1
#,NUM,1
hp,NOUN,1
hormon.tlg,NUM,1
hoax,NOUN,1
hnya,VERB,1
hiperintens,NUM,1
hidup,VERB,1
hidup,NOUN,1
hidup,ADJ,1
goood,PROPN,1
good,NOUN,1
initrimakasih,NOUN,1
dowlod,NOUN,1
duli,PROPN,1
dua,NUM,1
dtang,VERB,1
dri,NOUN,1
dr.Nadia,NUM,1
dr,PROPN,1
dptin,VERB,1
dpt,PROPN,1
dpat,PROPN,1
dpat,NUM,1
downlod,PROPN,1
dowaland,VERB,1
dwonlod,VERB,1
donglod,VERB,1
doktor,NOUN,1
doktet,NOUN,1
dokterny,NOUN,1
dokter2nya,PROPN,1
dokter2nya,NUM,1
dokter2n,NUM,1
dokter2,VERB,1
dokter.trimksh,PROPN,1
dokter.dengan,NUM,1
doktenya,NOUN,1
dwonload,VERB,1
dyah,PROPN,1
god,PROPN,1
fiktur,NOUN,1
gk,PROPN,1
gimana,NOUN,1
gila,ADJ,1
geratis,PROPN,1
genting,NOUN,1
gaya,NOUN,1
gambarnya,NOUN,1
gagal,VERB,1
gabung,VERB,1
ga,ADV,1
fitur,PROPN,1
feedback,NOUN,1
edukasi,NOUN,1
farmasi,NOUN,1
fahami,PROPN,1
facebook,NOUN,1
eror,NUM,1
end,NOUN,1
enak,ADJ,1
ehh,NOUN,1
efisien,ADJ,1
efektiif,ADJ,1
efektif,ADJ,1
edukatif,NOUN,1
inginkan,VERB,1
instan,NOUN,1
dok.sakit.hingga,PROPN,1
kedepannya,VERB,1
kemana,NOUN,1
keluhanku,PROPN,1
keluh,NOUN,1
keluarin,NOUN,1
keluahn,NOUN,1
keluahan,NOUN,1
kelihatan,VERB,1
kekurangan,NOUN,1
keinginan,NOUN,1
kehidupan,NOUN,1
kedokter,NOUN,1
kedepannya,ADV,1
kemudahan,NOUN,1
kecili,NOUN,1
kecil,ADJ,1
kecewakan,NOUN,1
kecewa,VERB,1
kebutuhannya,NOUN,1
kebijakan,NOUN,1
kebawah,NOUN,1
kebas,NUM,1
keatas,NOUN,1
keadaan,NOUN,1
keRs,NOUN,1
kembali,VERB,1
kencing,PROPN,1
kayak,NOUN,1
keshopeepay,VERB,1
kirim2,NOUN,1
kiri,ADJ,1
kirain,NOUN,1
kinsultasi,VERB,1
kian,ADV,1
khawatir,VERB,1
khairan,PROPN,1
keterangan,NOUN,1
ketemu,VERB,1
ketemu,NOUN,1
ketarik,VERB,1
keseluruhah,NOUN,1
kendala,NOUN,1
kesel,NOUN,1
kesehtan,NUM,1
kesehatN,NOUN,1
kesehat,PROPN,1
kesan,PROPN,1
kesan,NOUN,1
kesah,NOUN,1
kerumah,VERB,1
kerja,NOUN,1
kerenn,PROPN,1
kepada,ADP,1
kdg,PROPN,1
katsiran,PROPN,1
intinya,NOUN,1
jarang,ADV,1
jgn,VERB,1
jg.jdi,NOUN,1
jg,VERB,1
jg,PROPN,1
jempol,NOUN,1
jelasin,VERB,1
jd,VERB,1
jawabannya,PROPN,1
jawabannya,NOUN,1
jawaban,PROPN,1
jariyah,NUM,1
jaraknya,ADV,1
jlek,NOUN,1
jangan,X,1
jalanapa,PROPN,1
jagat,NOUN,1
jaga,NOUN,1
jaeab,PROPN,1
iya,NOUN,1
ituh,VERB,1
istimewa,PROPN,1
iso,PROPN,1
isi,NOUN,1
is,PROPN,1
jiwaa,NUM,1
jls,NOUN,1
katanya,NOUN,1
kalender,NOUN,1
kata,NOUN,1
kasuh,NUM,1
kasik,NOUN,1
karna,ADP,1
karen,ADJ,1
kapanpun,NOUN,1
kapan,NOUN,1
kandungan,NOUN,1
kan,NOUN,1
kamu,PRON,1
kami,PRON,1
kaki,NOUN,1
jngan,NOUN,1
kah,VERB,1
kadang,ADV,1
jwbnya,VERB,1
jwbnya,NUM,1
jwbn,PROPN,1
jwban,NOUN,1
jwb,PROPN,1
jwaban,NOUN,1
juta,NOUN,1
jos,PROPN,1
jngn,NOUN,1
dokrer,NOUN,1
dok.fitri,PROPN,1
bahas,VERB,1
bgi,NUM,1
bisa2,NUM,1
bisa,VERB,1
binasa,VERB,1
bikin,VERB,1
bidang,NOUN,1
biasa.semoga,NOUN,1
biar,ADV,1
bgus,VERB,1
bgttt,PROPN,1
bgttt,NUM,1
bgt,VERB,1
bget,NUM,1
blas,PROPN,1
bgd,PROPN,1
betul,ADJ,1
best,PROPN,1
beserta,VERB,1
berusia,VERB,1
beruntung,ADJ,1
bertrimakasih,NUM,1
bersyukur,VERB,1
bersubsidi,PROPN,1
bermmfaat,VERB,1
bermasalah,VERB,1
bisanya,NOUN,1
blm,VERB,1
bermanfaat.yg,NOUN,1
bot,PROPN,1
buka,NOUN,1
buanget,NUM,1
bu,NOUN,1
bsa,NUM,1
bs,VERB,1
bs,PROPN,1
brmnfaat,NUM,1
brmnfaat,NOUN,1
brmanfaat,VERB,1
brmanfaat,NUM,1
br,NOUN,1
bosen,NOUN,1
bls,NOUN,1
bosan2,VERB,1
boros,VERB,1
boleh,PROPN,1
bogor,PROPN,1
bnyk,NUM,1
bnyak,NOUN,1
bntg,NOUN,1
bngttt,NUM,1
bngt,NUM,1
bngt,NOUN,1
bnget,VERB,1
bermangfaat,NOUN,1
bermamfaat,PROPN,1
buktikan,VERB,1
bales2,NOUN,1
batin,NOUN,1
banyar,NOUN,1
banyak,PROPN,1
bantuannya,NOUN,1
bangga,ADJ,1
bangeeeeeet,PROPN,1
bangat,PROPN,1
bangat,NOUN,1
bamtuan,NOUN,1
balesnya,NUM,1
balesnya,NOUN,1
bales.salam,PROPN,1
beban,NOUN,1
bales,PROPN,1
bakalan,NOUN,1
baiknya,NOUN,1
baikkk,PROPN,1
baik2,NOUN,1
baik.sangat,NOUN,1
baik.hanya,ADJ,1
baik,ADV,1
bahwa,CONJ,1
bahus,NOUN,1
bahkan,CONJ,1
batuk,NOUN,1
beberapa,DET,1
berlimpah,VERB,1
berfaedah,NOUN,1
berlangganan,VERB,1
berkat,NOUN,1
berjuta,NOUN,1
berjalan,VERB,1
berita,NOUN,1
berikutnya,ADJ,1
berikan,X,1
berharga,VERB,1
bergerak,VERB,1
berfungsi,VERB,1
berfaedah,PROPN,1
berdarah,VERB,1
beda,ADJ,1
berbyr,NOUN,1
berbusa,VERB,1
berbayar,VERB,1
berbagai,DET,1
beneran,NOUN,1
benar2,ADV,1
benar,ADV,1
belum,ADV,1
beli,VERB,1
beguna,VERB,1
begitu,ADV,1
buka,VERB,1
bulan,NOUN,1
docter,NUM,1
digerakan,VERB,1
dilengkapi,VERB,1
dilakukan,VERB,1
dikirim,VERB,1
diketahui,VERB,1
dikenai,VERB,1
dikeluarin,PROPN,1
dikarnakan,NOUN,1
dijawabnya,NUM,1
dijawab2,NUM,1
dijamin,VERB,1
digunain,PROPN,1
dideskripsi,VERB,1
dimengerti,VERB,1
dibutuhkan,VERB,1
dibuka,VERB,1
dibuat,VERB,1
diberikan,VERB,1
dibandingkn,NOUN,1
dibales,NUM,1
dibalasnya,NOUN,1
dibalas,VERB,1
diatas,ADP,1
diaplikasi,NUM,1
dialami,VERB,1
dimanapun,NOUN,1
dimulai,VERB,1
diagnosa,NOUN,1
dkternya,NUM,1
docter,NOUN,1
doang,NOUN,1
doakan,VERB,1
dngn,NOUN,1
dngan,NOUN,1
dng,VERB,1
dn,NOUN,1
dlu,NUM,1
dlm,NOUN,1
dlm,ADV,1
dll,NOUN,1
ditingkatkan,VERB,1
dini,ADJ,1
ditindak,VERB,1
ditanya,VERB,1
ditambah,VERB,1
disuruh,VERB,1
diridhoi,PROPN,1
direspon,VERB,1
direkomendasikan,VERB,1
dipertengahan,VERB,1
dipertahankan,VERB,1
dipercepat,NOUN,1
dipakai,VERB,1
diagnosenya,NUM,1
di.bidang,NOUN,1
buln,NUM,1
capek,NOUN,1
consulagi,VERB,1
cocok,ADJ,1
coba,VERB,1
cm.yg,NUM,1
chtnya,NOUN,1
chet,PROPN,1
chating,VERB,1
cepet,VERB,1
cepat.tag,NOUN,1
cek,VERB,1
cba,PROPN,1
cantik,VERB,1
cpaaat,PROPN,1
cantik,PROPN,1
cantik,NOUN,1
cantik,ADJ,1
canggih,ADJ,1
cakep,PROPN,1
cakep,NOUN,1
byar,NOUN,1
bwt,NUM,1
buwat,NOUN,1
busyed,PROPN,1
buruan,NOUN,1
country,NOUN,1
cpat,NUM,1
dg,NOUN,1
darita,VERB,1
dewi,VERB,1
detailer,VERB,1
detail,NOUN,1
derita,VERB,1
depannya,NOUN,1
dengn,ADP,1
demi,ADP,1
demam,NOUN,1
dekat,ADJ,1
degn,NOUN,1
datang,VERB,1
darimananya,NOUN,1
cpt,NOUN,1
darah,NOUN,1
dana,NOUN,1
dambaan,PROPN,1
daerahnya,NOUN,1
d,VERB,1
curhat,NOUN,1
cumaa,NUM,1
cuma,ADV,1
cueknya,NOUN,1
cuco,NUM,1
cs,NOUN,1
yunior,NOUN,1
